ID,Title,DueDate,Completed
1,"Activity 1","2021-03-17T13:25:00.000Z",false
2,"Activity 2","2021-03-17T13:25:00.000Z",true
3,"Activity 3","2021-03-17T13:25:00.000Z",false
4,"Activity 4","2021-03-17T13:25:00.000Z",true
5,"Activity 5","2021-03-17T13:25:00.000Z",false
6,"Activity 6","2021-03-17T13:25:00.000Z",false
7,"Activity 7","2021-03-17T13:25:00.000Z",false
8,"Activity 8","2021-03-17T13:25:00.000Z",true
9,"Activity 9","2021-03-17T13:25:00.000Z",false
10,"Activity 10","2021-03-17T13:25:00.000Z",false